{"iter": 1000, "train/loss": 0.2588031589984894, "val/loss": 0.26427561044692993, "lr": 0.0003, "mfu": 2.1701656863877314, "_timestamp": 1724845078.19173, "_runtime": 164.83637690544128, "_step": 1, "_wandb": {"runtime": 163}}