{"iter": 0, "train/loss": 10.97760009765625, "val/loss": 10.977481842041016, "lr": 0.0, "mfu": -100.0, "_timestamp": 1724844867.8137472, "_runtime": 24.060445070266724, "_step": 0, "_wandb": {"runtime": 40}}